x,y,z,D_20171127,D_20171209,D_20171221,D_20180102,D_20180114,D_20180126,D_20180207,D_20180219,D_20180303,D_20180315,D_20180327,D_20180408,D_20180420,D_20180502,D_20180514,D_20180607,D_20180619,D_20180701,D_20180713,D_20180725,D_20180806,D_20180818,D_20180830,D_20180911,D_20180923,D_20181005,D_20181017,D_20181029,D_20181110,D_20181122,D_20181204,D_20181216,D_20181222,D_20181228,D_20190109,D_20190121,D_20190202,D_20190214,D_20190226,D_20190310,D_20190322,D_20190403,D_20190415,D_20190509,D_20190521,D_20190602,D_20190614,D_20190626,D_20190708,D_20190720,D_20190801,D_20190813,D_20190906,D_20190918,D_20190930,D_20191012,D_20191105,D_20191117,D_20191129,D_20191211,D_20191223,D_20200104
102.903277,29.234288,728.963196,0.000000,3.172843,4.655313,1.579132,-0.668386,-0.654065,-1.331482,-0.229107,-0.257699,-2.737423,-0.414049,-0.846978,-4.506685,6.918292,-10.567607,-5.004546,1.648775,-0.315828,2.347122,1.176134,-4.544819,1.964907,-0.049443,3.079363,3.519073,-6.847050,-1.674307,1.665013,4.145315,3.231827,-1.199409,0.679769,-0.810111,1.617980,-1.301136,0.814440,-0.110668,-4.792115,-1.645710,2.455303,4.633215,4.984144,-0.123009,1.377850,-36.990410,11.709038,6.311565,-2.097301,-2.978857,4.582763,5.208663,3.980086,2.260885,1.740620,-1.270233,0.673870,-0.320615,1.082505,-0.062190,-2.787156,-0.971193,-1.710605
102.903444,29.234288,721.132019,0.000000,2.796148,4.454693,1.467919,-0.578679,-0.663046,-1.336857,-0.214210,-0.236946,-2.832342,-0.305855,-1.251199,-3.956957,4.881775,-7.339977,-7.269873,-0.007720,-0.461683,3.701777,-2.764737,-3.402307,1.517392,0.681794,2.374142,2.609035,-6.072009,-1.574850,2.719106,2.467623,3.357471,-1.600439,0.386649,-0.468455,1.541217,-1.463131,0.775287,1.349705,-1.634562,1.054869,0.525787,0.620972,-0.138776,-1.167524,-5.992657,-0.823385,2.280070,7.098277,-4.869712,8.732712,-1.678001,-4.516894,-33.528465,12.444809,7.247629,-2.733261,-3.446495,6.399223,4.556406,2.849635,2.027871,1.582629,-1.517264
102.902944,29.234121,749.885559,0.000000,5.772574,5.564031,1.635138,-1.303377,-0.954164,-1.185798,0.081397,-0.077362,-2.605951,-1.001752,0.837816,-9.583754,12.841818,-13.741270,-4.467893,1.539644,-1.000483,-0.996055,15.521363,-5.604870,0.591074,2.054137,2.791340,-5.313650,-4.179059,1.679523,7.368307,3.209739,-1.905846,-0.171781,0.040495,0.594431,-1.070962,1.089884,0.849055,-0.776556,1.201738,0.684291,2.124777,-0.797803,-1.245484,-7.941339,0.061452,8.221557,-0.848176,-1.075813,-0.864972,3.889506,-44.272593,16.424495,6.604478,2.196697,-4.169130,5.979638,8.577791,2.951009,0.754909,-0.982391,0.252123,0.540668,0.509254
102.903277,29.234121,732.051758,0.000000,3.803236,5.238621,1.693187,-0.857153,-0.887227,-1.311121,-0.287477,0.049656,-2.811997,-0.547681,-1.948487,-5.069070,8.654815,-10.711523,-6.352687,5.504069,-0.973254,1.483503,2.712577,-5.502656,1.350170,0.200924,2.973363,-3.119995,-3.317744,2.232545,5.375583,3.577494,0.912249,-0.652404,1.229137,0.361320,-0.174383,-0.915829,-7.007035,-0.757863,0.095347,12.034523,-7.719318,6.513514,-0.136704,-1.187486,-37.288228,15.743601,6.415449,-0.116475,-3.143297,5.770187,5.128350,6.385988,1.655356,-1.498502,0.703563,-0.603748,1.049350,1.143337,-0.753478,-2.763541,-3.033646,-2.886747,1.724817
102.903444,29.234121,723.834961,0.000000,3.072415,4.584354,1.659344,-0.748814,-0.770897,-1.298556,-0.397057,0.121065,-2.953674,-0.283350,-5.906627,5.563677,-7.800479,-7.196681,2.909918,-0.663035,2.788691,-0.934019,-3.973275,1.246769,0.624860,2.505894,3.430681,-6.530641,-2.356787,2.782140,3.224261,2.983201,-1.360914,0.464967,-0.006610,1.421023,-1.245202,0.641010,1.428770,-1.679121,0.892176,0.732564,0.857464,-0.519871,-1.019592,-6.017225,-0.596094,1.513790,1.394243,10.346010,-1.660468,-8.772214,-30.867854,15.863512,6.381752,-0.458860,-4.569437,5.923448,4.280747,3.607183,1.863832,1.652767,-1.768879,0.610980,-0.553437
102.903610,29.234121,716.469788,0.000000,2.391496,3.793428,1.536016,-0.636301,-0.537975,-1.396621,-0.497992,0.105852,-2.376463,-1.043771,-4.411848,1.466610,-5.129884,-5.786816,-1.872274,0.165338,4.431391,-4.297278,-1.846988,1.099067,1.103387,1.733675,1.687103,-4.772362,-1.667338,2.534858,1.724485,2.708725,-1.520146,0.062575,0.607234,1.552954,-1.300675,0.381402,1.520745,-1.768128,1.137341,0.395742,1.042104,-0.690574,-1.558423,-4.108890,-1.154820,0.443773,6.195728,-5.709782,12.731146,-1.833215,-4.896818,-33.971343,14.510625,6.481884,-0.886778,-6.616529,5.815277,3.642233,2.333885,1.869604,1.179092,-1.838605,0.761199
102.903777,29.234121,709.788208,0.000000,2.868317,3.611226,1.328761,-0.242159,-0.780433,-1.166926,-0.703161,0.207744,-2.146466,-1.332756,-4.330328,-0.433649,-4.121376,-3.869814,-2.646836,0.064401,4.223152,-3.960722,-1.329432,0.046082,1.704952,1.985237,0.448799,-3.406710,-1.554351,2.487372,0.989292,2.604102,-1.388997,-0.226604,0.724263,1.600467,-1.159823,0.262844,1.559477,-1.788973,1.279766,0.071867,0.980534,-0.144922,-0.699146,-3.230453,-1.528091,-0.043940,7.198421,-2.603144,5.823547,-33.313595,13.693270,6.711603,-0.875221,-6.441548,4.746254,3.465404,1.759113,1.598993,0.983312,-1.692521,0.820057,-0.337560,1.247329
102.903944,29.234121,703.690674,0.000000,2.876610,3.356533,1.399879,-0.014505,-1.073986,-0.750869,-1.054635,0.198498,-1.977813,-5.772665,-2.016283,-4.101044,0.396920,-3.570287,0.414173,2.889233,-4.444665,-0.739739,-0.394199,1.160055,2.939979,-0.735775,-2.750947,-0.916721,1.489363,0.809666,2.487401,-1.037838,0.074468,0.335659,1.835797,-1.179281,0.132138,1.371809,-1.259111,1.351247,0.348792,0.301139,0.064963,-1.181782,-2.348252,-2.831328,-0.152682,8.982342,-0.259729,7.941173,-0.496754,2.208126,-30.244061,6.226460,7.499278,-2.813260,-4.239750,4.740332,3.619359,1.524638,1.817104,1.092087,-1.318658,0.638169,-0.351892
102.904110,29.234121,698.107605,0.000000,3.077997,3.026131,1.388349,0.122411,-1.108132,-0.190006,-1.489483,0.401032,-2.623241,-3.717793,-1.813307,-2.789679,-4.039062,3.198940,-3.765624,-0.179408,2.184306,-1.269751,-0.113843,0.363645,0.950928,0.215515,-0.272953,-3.590081,0.456580,0.883909,0.110595,2.951754,-1.161935,0.662543,-0.382184,2.139940,-1.505035,0.288004,1.183717,-0.810774,1.607565,0.100319,0.342776,-0.092027,-1.375365,-2.641717,-2.867267,-0.273067,10.267929,-0.469990,8.406392,-0.210332,-3.726940,-13.543415,-3.836759,7.807974,-4.769909,-2.944730,4.712215,3.703347,2.348423,1.350475,1.484803,-1.198640,0.495969
102.902610,29.233954,772.961121,0.000000,7.132779,4.778183,2.212323,-1.504552,-2.255169,-0.798506,-0.686509,0.939827,-1.724085,-1.789245,-0.709564,-8.239064,-6.483103,-8.609952,0.635776,-3.066454,-0.351142,-0.960907,-2.906210,-2.264761,5.551729,2.158760,6.830207,-7.726392,-3.651066,3.886358,4.860436,2.475163,-0.223472,-1.118127,0.915067,-0.422299,0.398906,0.388024,1.764942,-0.570084,1.610900,-0.206742,3.113651,-2.064911,-0.221392,-5.016571,1.372740,2.998611,3.925575,-5.037997,-1.359598,1.818525,5.870931,-28.911007,7.594803,3.718277,2.371371,-5.093340,5.772651,4.759126,0.714896,2.322366,0.031281,0.003889,0.146992
102.902944,29.233954,753.693054,0.000000,5.732018,5.577178,1.894252,-1.422184,-1.566807,-1.616380,0.438845,0.347204,-1.541730,-2.138929,0.472396,-9.098089,11.418241,-12.971020,-6.332502,-1.286425,-0.587354,-1.972496,6.632352,-4.512338,-0.509906,2.683095,5.348892,-1.616116,-4.707101,-3.723969,2.506617,5.584071,2.931490,-1.790145,-0.717613,0.781826,0.216181,-0.780714,1.051974,0.910304,-0.523476,1.386088,0.313259,1.655048,-1.544961,-8.498278,1.186436,-2.585885,8.391884,-1.532606,-2.732380,-0.782382,1.478037,-39.551232,11.237324,7.426727,1.740923,-3.232429,6.686016,5.192567,2.835185,2.584025,0.523845,-0.465338,0.102708
102.903110,29.233954,744.149475,0.000000,4.900373,5.583739,1.898529,-1.132875,-1.563418,-1.137769,-0.223939,0.508661,-2.298118,-1.182389,-1.202933,-7.072297,10.129637,-10.891263,-7.341298,5.769558,-1.377543,-0.982987,2.145312,1.438291,0.918290,5.707890,-6.313807,-3.678454,2.207959,9.195370,-1.806648,-0.333514,0.508754,0.497632,-1.000851,1.068946,0.934896,-0.523003,0.483696,0.897992,1.944647,-0.763584,-0.868150,-8.404107,1.018141,-1.009129,10.342413,-5.629191,-0.160447,-6.464617,-29.088245,11.197506,7.783961,2.067631,-2.505784,5.799921,4.706052,4.019068,3.276480,-0.523955,-0.008947,0.257276,1.598658,-1.156300,-4.675446
102.903277,29.233954,735.141968,0.000000,3.999186,5.395577,1.720650,-0.761649,-1.443488,-0.897057,-0.515379,0.518143,-2.549137,-0.852153,-3.118520,-3.754921,7.278042,-8.499713,-8.604766,10.257834,-1.516340,1.759815,-2.805377,1.401424,0.021031,7.379782,-7.822321,-4.708583,3.549901,8.038767,-1.504877,0.123439,0.178009,1.143259,-1.109414,0.953780,0.996957,-0.867306,0.262495,1.125158,0.609895,-0.466785,-0.209231,-6.593214,-0.126909,-0.799483,9.743489,-1.325451,0.307132,-7.431577,-26.859173,14.608171,7.554560,-0.394160,-0.987268,5.786757,3.489221,5.175648,1.706762,1.972987,-1.829010,1.040184,-0.976415,0.705044,1.904988
102.903610,29.233954,718.864807,0.000000,2.251661,3.664768,1.542440,-0.630955,-0.788379,-1.052526,-0.621643,0.311387,-2.041659,-0.233633,-5.733430,1.069210,-4.431102,-4.826318,0.526674,-0.196607,4.348338,-4.500036,-4.212919,1.030398,1.180110,2.378375,1.455154,-5.012285,-3.243810,3.168309,2.116107,2.358066,-1.542437,0.087436,0.534525,1.724288,-1.111657,0.206780,1.459104,-1.655065,1.138780,0.101025,1.789195,-1.257387,-1.040683,-4.569491,-1.132650,-0.022250,4.310935,-1.040249,8.558969,-0.952706,-0.963005,-35.321448,16.040111,6.740673,-0.784767,-5.328138,5.064280,2.330850,3.464030,1.551148,1.359553,-1.865106,0.837642
102.903777,29.233954,711.973572,0.000000,2.691164,3.605717,1.350364,-0.483019,-0.758617,-1.067852,-0.652992,0.266849,-2.187289,-0.216204,-5.760024,-0.055532,-4.000084,-2.421532,-0.983161,-0.054467,4.110418,-4.676336,-3.352258,0.364609,1.646180,2.513137,0.522443,-3.835414,-2.351361,2.521453,1.480100,2.551203,-1.448030,0.087722,0.484856,1.723008,-1.049577,0.117009,1.589449,-1.784885,1.086298,-0.036238,1.598395,-0.795426,-0.953756,-3.850737,-1.226152,-0.260607,6.923489,-0.302795,5.914931,-34.470828,14.321731,6.340469,-0.096596,-6.448436,4.193964,2.777699,2.451697,1.547139,1.048276,-1.795159,0.738199,-0.443307,1.277630
102.903944,29.233954,705.833435,0.000000,2.545327,3.529649,1.381337,-0.288792,-1.010613,-0.907946,-0.830540,0.160043,-2.184544,-0.959789,-3.075506,-1.790325,-1.813436,-3.995897,2.183702,-2.952463,0.506133,3.010450,-6.280080,-2.381165,-0.259606,1.309048,3.650781,-1.007845,-3.071391,-1.517283,1.290413,1.334586,2.985590,-1.199692,0.455196,-0.087338,2.031485,-1.313394,0.124984,1.554777,-1.522590,1.348897,0.100588,0.720758,-0.501527,-1.893485,-3.129693,-2.022013,-0.506113,9.901313,0.446938,7.981116,-27.371969,3.678900,6.990139,-1.747172,-5.164764,4.755575,3.033995,1.729248,1.898696,1.046213,-1.442990,0.472329,-0.412898
102.904110,29.233954,700.243530,0.000000,2.594942,3.390074,1.347597,-0.234225,-0.964659,-0.377738,-1.168878,0.253554,-2.885039,-3.883361,-1.313011,-2.678562,-5.267493,6.014354,-2.998243,-0.398395,2.264049,-3.042169,0.832621,0.647416,0.727518,1.605185,-0.141628,-3.859776,0.001015,0.674593,0.700238,3.005331,-1.009054,1.140275,-0.868949,2.375554,-1.553560,0.305403,1.203707,-1.017914,1.831261,-0.113795,0.423807,-0.423998,-2.130178,-3.125720,-1.930937,-0.352001,11.771034,6.882470,-0.696305,0.329396,-21.648941,7.780341,-4.598161,-2.748058,4.399709,3.469251,2.746464,1.231191,0.148165,0.040624,-0.267233,-0.478224,-1.435549
102.904277,29.233954,694.136719,0.000000,2.484478,3.241741,1.292444,-0.170522,-0.752835,0.041944,-1.814167,0.326223,-3.299676,-2.867356,-2.170839,-3.866060,-2.683159,2.906708,-2.928134,0.059234,2.368196,-2.477391,2.111763,1.214072,0.525757,-0.047980,0.231777,-3.820802,-0.176650,0.526374,0.090367,3.495943,-1.628549,1.287157,-0.756957,2.299021,-1.774173,0.553162,1.109409,-0.739190,2.186107,-0.260675,0.456928,-0.703509,-2.820340,-3.325367,-1.918364,-0.486914,9.903007,-3.005814,10.033312,-0.999270,1.604841,-21.364301,7.281589,-3.880955,-3.777746,5.504238,3.137077,2.991019,1.059658,1.543891,-1.247039,0.907014,-0.533736
102.904444,29.233954,688.159241,0.000000,2.399919,3.064066,1.139758,-0.184216,-0.430563,-0.032332,-1.827813,0.452646,-5.748724,-3.455105,-2.141714,-1.595958,-1.627805,-0.892066,1.143918,3.102093,-2.486459,2.598741,1.018081,1.480418,-1.712993,0.543759,-4.380411,-0.071981,0.640227,-0.264264,3.568348,-1.789540,0.871853,-0.209180,1.957218,-1.624455,1.016746,0.532972,-0.557835,2.191204,-0.404414,0.547750,-0.652961,-2.449356,-3.376033,-2.093416,0.213369,6.839951,-3.742546,11.052989,-1.486615,2.510693,-15.086510,-6.468789,5.558490,-1.915444,-5.817655,6.060118,2.985517,2.414705,0.780784,0.783230,-0.666669,1.445228,-0.717371
102.904610,29.233954,682.645142,0.000000,2.159637,2.991525,0.819533,0.202378,-0.169189,-0.078272,-1.522783,0.503440,-5.972537,-0.663295,-4.160496,-0.049216,-0.782111,-6.386170,-1.537209,1.703572,3.447672,-3.346891,2.648316,0.154806,2.027171,-1.610614,1.073704,-4.869196,-0.804863,0.963921,0.399838,2.748170,-1.454542,-0.340368,0.651142,2.061747,-1.475512,1.284975,0.604057,-0.443832,2.223083,-0.268076,0.279912,-0.632106,-1.829450,-3.638823,-2.093400,1.005692,6.132365,-2.957873,9.250552,3.023793,-28.333822,6.785467,4.041769,0.390052,-6.991799,6.814081,2.862475,1.833454,0.375899,-0.254689,0.247744,1.552555,-0.525285
102.902277,29.233788,791.972168,0.000000,4.737848,4.725485,1.848077,-0.658644,-2.193810,-0.346100,-1.101801,1.897943,-2.089530,-2.437605,-2.656040,-6.114132,-7.794579,-6.576752,-2.551138,1.608645,-1.216397,-5.239410,3.060986,-1.983826,2.505182,-2.609367,-1.666454,-4.048930,-6.035286,3.055283,4.324444,4.751312,-0.156475,0.600626,0.217768,-0.879837,0.409366,1.651503,1.019216,-0.163940,0.041800,0.519451,1.332573,-0.406403,-1.292341,-5.388586,-0.123888,1.580497,-0.088594,-6.595179,2.228194,5.717628,6.832499,-32.449879,9.552052,4.426097,4.459858,-12.988098,10.825779,3.540158,1.538063,4.014791,-1.141823,0.574795,0.758545
102.902444,29.233788,784.503113,0.000000,5.737766,4.911899,1.999638,-0.841504,-2.334571,-0.625968,-0.795213,2.098881,-2.250456,-2.089825,-3.428029,-4.281506,-7.104438,-8.799572,-0.560049,0.185802,0.852249,-5.597490,0.036081,-2.174940,4.698788,-2.402888,2.618132,-6.459234,-4.771143,2.357483,5.289808,3.419796,0.000883,-0.112690,0.439526,-0.688923,0.240629,1.224722,1.404209,-0.410517,0.300681,0.441003,1.918331,-0.725311,-1.105789,-5.518454,0.320477,2.410297,1.713103,-9.494364,2.450704,2.957711,7.898775,-24.731270,2.122566,4.079064,4.292463,-10.612341,8.978012,2.953819,2.169876,3.272839,-0.727758,0.395885,0.402050
102.902777,29.233788,766.556580,0.000000,5.961318,4.959487,2.182040,-1.371651,-2.119215,-1.407177,0.084312,0.685089,-1.375185,-2.610317,-0.344266,-6.516363,4.966527,-10.679133,-6.345541,-3.451360,-1.287602,-1.801447,0.075606,-1.587141,-1.982907,5.522780,3.593660,2.264439,-6.902912,-2.178029,1.522513,5.388129,2.651177,-1.541563,-0.705826,0.561917,-0.088335,-0.001808,0.814076,1.198571,-0.519862,1.063068,0.204445,3.507000,-1.718901,-1.192883,-7.578956,1.429176,-0.349346,2.063655,-2.142152,-0.337103,-0.171230,5.376637,-26.026807,1.760113,3.942452,2.936042,-3.836196,6.188028,4.234850,2.131882,2.410020,0.112833,-0.081150
102.902944,29.233788,756.678406,0.000000,5.266484,5.129035,1.906045,-1.152941,-1.678777,-1.672073,0.270443,0.387493,-1.039310,-2.675974,-0.110074,-7.421614,9.883072,-12.552363,-5.824523,-3.746650,-3.161897,-0.929974,3.431108,-1.726059,-1.114545,3.647503,5.145062,-2.556625,-5.712173,-3.043144,2.936086,5.113889,2.578246,-1.477888,-0.669022,0.486438,0.118058,-0.446912,1.030263,0.691255,-0.238828,0.952228,0.216954,3.187904,-1.405258,-1.242388,-8.187411,1.443954,-3.074179,5.869864,-0.435759,-0.696268,-0.405729,5.354378,-29.311234,2.206684,5.016068,2.048612,-3.973405,6.204605,4.595289,3.582344,2.180958,0.623815,-0.465782
102.903277,29.233788,737.951843,0.000000,3.452627,4.933441,1.856529,-0.524454,-1.984808,-0.772986,-0.534370,0.731102,-2.159633,-1.531472,-1.947822,-3.352508,6.190742,-7.713747,-6.957841,9.245007,-4.215473,2.291578,4.020578,-0.003701,1.338467,3.045480,3.018973,-7.211912,-5.064309,4.964687,4.002205,2.879383,-1.570307,-0.194418,0.330451,0.741673,-0.953060,0.989821,0.491750,-0.174624,0.066523,0.741846,1.276264,-0.806621,0.193003,-6.372447,0.187461,6.084215,-4.079781,1.550144,-0.485778,-7.946790,-17.764747,8.478178,7.324191,-1.746879,1.598766,7.288913,4.931448,1.256368,2.143843,-1.666034,0.908097,-0.697351,0.657369
102.903444,29.233788,729.303528,0.000000,2.434455,4.308981,1.814950,-0.426494,-1.884006,-0.449828,-0.772156,0.789136,-2.557372,-1.012154,-4.323621,-2.322418,-6.501532,9.575481,-2.673166,5.033549,0.369709,0.789509,2.593367,3.387677,-6.792835,-5.214780,4.866858,3.279571,2.376852,-1.793419,-0.217549,0.366735,1.397332,-0.865495,0.455867,0.697935,-0.815698,0.268920,0.725823,1.531607,-0.974446,0.482908,-5.694403,-0.660106,5.970889,-2.653015,3.026507,-0.995592,-12.267007,-20.396671,17.897251,5.930091,0.223969,5.047071,5.116678,0.791995,2.322962,-1.947759,0.889674,-0.665319,0.675302,1.539492,-1.446111,-3.076451,-1.132010
102.903610,29.233788,721.156799,0.000000,2.037691,3.368758,1.586543,-0.373328,-1.450053,-0.510651,-0.824256,0.529591,-2.322496,-0.252567,-3.566496,-1.414574,0.154537,-3.264519,-4.171114,2.995021,-0.376290,4.732104,-2.367340,-3.124237,0.629724,0.906264,2.372821,0.777338,-4.903057,-4.938856,3.679684,2.710852,2.598203,-2.037743,-0.160327,0.204368,2.011070,-0.953702,-0.002121,1.022857,-1.596717,0.897666,0.383610,1.886078,-1.108693,-0.521387,-4.590595,-2.035411,-0.727950,5.394072,1.567170,3.360368,-0.775799,-8.208664,-26.553668,18.012573,6.946179,-0.708982,-4.325055,4.256003,1.951409,3.979036,1.354705,1.432318,-1.587335
102.903777,29.233788,714.110596,0.000000,2.749989,3.303059,1.390122,-0.318011,-1.070538,-0.636454,-1.025255,0.610394,-2.591522,-0.081711,-3.976034,-1.223689,-0.771267,-3.020065,-1.538683,0.925964,0.735116,4.265602,-2.556860,-2.556912,0.846429,1.013571,2.360439,0.519806,-4.238293,-3.504410,2.558409,1.934439,3.058218,-2.153671,-0.053549,0.205891,2.092707,-0.883465,-0.283578,1.329725,-1.757844,0.863973,0.186019,1.858479,-0.929052,-1.046465,-4.133162,-2.067956,-0.351884,7.583150,5.891553,-1.049796,-34.362924,15.668293,6.419661,0.361482,-6.749069,3.558964,2.310471,3.348276,1.736841,1.018603,-1.624500,0.455745,-0.384054
102.904277,29.233788,695.910522,0.000000,2.377884,3.610652,0.786801,-0.200053,-0.424413,0.204084,-1.861076,-0.096223,-2.940527,-3.344202,-1.800447,-1.358098,-4.365696,0.067489,-1.013187,-0.318498,2.700408,-4.948615,3.466469,1.041958,0.591126,1.242322,0.121523,-2.504738,-0.775493,0.627977,0.695011,3.523128,-1.453154,1.159847,-0.678302,2.087227,-1.259881,0.387266,0.930577,-0.637231,2.338242,-0.344279,0.587159,-0.523422,-3.133885,-3.786700,-1.473807,-0.882559,8.673689,-3.661061,9.643789,-0.645376,2.847781,-17.330612,-4.712049,6.804713,-1.118513,-5.733848,6.192685,2.304717,3.531806,1.000676,1.359264,-1.423902,1.155572
102.904444,29.233788,689.739563,0.000000,2.416564,3.465812,0.629311,0.018473,-0.289551,0.372832,-1.993111,0.019575,-5.861661,-3.361263,-0.644950,-2.773406,-2.228235,0.186008,0.387968,2.889140,-3.486468,2.932046,0.593215,1.488391,-0.179817,0.203644,-2.882831,-0.101879,0.537662,0.263062,3.282483,-1.533808,0.860061,-0.170625,1.949384,-1.337796,0.846695,0.514393,-0.491346,2.430075,-0.352460,-0.111730,-2.965288,-3.661310,-1.854515,-0.277411,6.240657,-4.021178,10.166718,2.433938,-21.109041,-0.947344,5.213294,0.044988,-7.532126,6.903372,2.557965,2.442403,0.655847,0.914763,-0.861201,1.626341,-0.931543,0.842600,0.408105
102.904610,29.233788,684.599548,0.000000,2.285256,3.027130,0.598423,0.405088,-0.253369,0.436434,-1.973161,0.461176,-6.520723,-4.415291,0.546551,-1.425176,-5.560397,-0.072100,0.889930,3.203584,-3.172135,3.174895,-1.145878,3.190001,-1.583073,1.413027,-4.160774,0.046323,0.978188,0.203386,2.513270,-1.268258,-0.373882,0.737529,2.121515,-1.544966,1.250542,0.445533,-0.426390,2.434326,-0.197123,0.628357,-0.897379,-2.417848,-3.871234,-1.760362,0.780194,4.882108,-2.655917,10.054157,2.828578,-27.070505,5.485321,3.724537,1.784338,-8.930664,7.587096,2.790239,1.364023,0.370622,0.038546,-0.009044,1.737268,-0.713499,0.361018
102.904777,29.233788,680.044250,0.000000,1.556083,2.480090,0.554279,0.613010,0.082409,0.529150,-1.613808,0.622230,-5.913490,-1.221886,-4.012409,2.228230,-2.169644,-7.354309,-2.523555,1.492213,3.396281,-2.881281,2.910134,-2.164712,5.325653,-2.678205,2.903573,-6.090885,0.313551,0.768203,0.313055,1.906074,-0.732660,-1.706472,1.485054,2.722234,-1.833725,1.648676,0.087628,-0.149284,2.345308,0.054843,0.486636,-1.117288,-1.501942,-4.333137,-1.473766,1.773688,4.634586,0.368933,11.895316,-31.442171,10.959358,3.281631,0.925220,-8.580832,8.087264,3.046634,0.825857,-0.261016,-0.789732,1.018657,1.278424,-0.307019,0.305933
102.901944,29.233621,808.064758,0.000000,4.021155,4.625696,1.427048,-1.066419,-1.945780,-0.589020,-0.632079,0.688632,-0.529614,-2.271168,-1.360875,-7.983677,0.892650,-3.729718,-0.012794,-2.339122,-8.190499,1.346025,-0.412754,1.453138,-0.127205,-0.595142,-4.029934,-3.618568,1.817100,4.044747,4.947721,-0.847746,0.121224,0.105967,-0.964252,0.944649,1.142007,0.757724,-0.332352,0.097694,0.326482,1.226816,-0.148587,-1.064719,-3.284392,-0.599955,0.378840,1.668576,-3.312196,4.219351,2.195877,7.006596,-38.206585,11.029575,7.233477,-1.946051,-4.550846,5.546084,4.427433,1.172605,3.463505,-0.665047,-0.389154,0.962206,-0.534077
102.902110,29.233621,799.349365,0.000000,4.773777,5.071189,1.737136,-0.666239,-2.426813,-0.154647,-0.729691,1.173429,-0.548127,-3.974938,-2.597605,-2.794022,-7.666654,-5.048460,-3.699126,1.270645,-0.152971,-11.704502,2.945633,-0.304266,2.213436,-1.181751,-2.155400,-4.358640,-3.796742,1.289811,4.651941,5.472826,-0.860901,-0.010481,0.339909,-0.919388,0.896786,1.230543,0.861162,0.258942,-0.587012,0.709599,0.882232,0.087458,-1.855593,-5.108213,0.042078,1.172392,2.442600,-6.274959,4.367031,4.427490,7.141821,-36.839581,9.845734,6.573898,2.531849,-8.518619,6.875457,4.630207,2.105435,4.237102,-0.857511,-0.024677,0.940938
102.902277,29.233621,792.201538,0.000000,5.405098,4.875365,2.380907,-0.650535,-2.488235,-0.247868,-1.089091,2.171379,-1.602595,-3.493695,-3.153262,-1.086714,-3.746593,-7.176109,-8.806844,-2.644708,3.768070,-0.661772,-6.544838,2.583346,-2.015980,4.002029,-1.513595,-1.132058,-4.748552,-5.629221,2.067719,4.857961,3.875584,-0.077843,-0.316793,0.446014,-0.671808,0.554058,1.298029,1.104305,-0.142709,-0.709294,1.190071,1.148207,-0.554863,-1.118279,-5.371004,-0.003128,1.248404,2.155210,-6.381479,4.852450,3.798082,6.257900,-33.556347,8.440743,4.736240,5.021452,-10.089846,10.588808,3.832253,2.969789,3.580296,-0.989593,0.019178
102.902444,29.233621,785.286804,0.000000,5.836458,4.627156,2.335697,-0.481396,-2.660389,-0.426909,-0.809952,2.477611,-2.139896,-2.562167,-2.878225,-4.453726,-5.576692,-11.270413,-0.824969,3.660727,-0.221676,-6.734230,0.017259,-2.369152,4.271975,-0.605078,0.619543,-6.282480,-5.788143,2.255060,5.618754,2.811975,-0.262516,-0.432657,0.418678,-0.280313,0.091594,1.077853,1.354429,-0.492615,-0.399775,1.336588,1.758803,-0.703587,-0.503004,-6.259441,0.823173,2.020043,0.990305,-7.819720,6.302842,0.953313,7.692557,-27.078535,0.940754,4.058864,4.785097,-8.243913,9.360883,2.878697,4.103784,2.579960,-0.494385,-0.124137,0.371353
102.902610,29.233621,776.978577,0.000000,5.791182,4.332772,2.252402,-0.491687,-2.599634,-0.701355,-0.806242,2.011934,-1.805194,-2.526588,-1.007515,-6.666458,7.425908,-9.304944,-9.215013,-1.437565,0.456363,-0.964211,-2.426400,-0.626005,-2.704976,4.761977,1.411838,0.674598,-7.094752,-5.382717,2.741876,6.371243,2.293903,-0.901331,-0.624533,0.207556,0.264179,-0.181047,0.809101,1.252287,-0.562918,0.298361,0.964834,2.605140,-1.371403,0.000949,-6.404730,0.998711,1.028599,-0.612400,-5.355980,6.555298,-1.071780,6.760454,-23.163536,1.594861,1.997171,4.646976,-5.560331,7.496082,3.454703,3.509760,1.808296,-0.170391,-0.313657
102.902777,29.233621,767.800659,0.000000,4.732395,4.068893,2.137707,-0.496681,-2.573013,-1.171244,-0.265245,1.386304,-1.544023,-2.931952,-0.260650,-7.070253,5.837152,-9.042450,-7.429576,-2.969182,-1.184442,-1.598698,0.679066,-0.912087,-2.751999,5.070935,2.985314,-0.541998,-6.991845,-3.272719,2.132496,5.496468,2.814296,-1.531551,-0.415775,0.045574,0.533791,-0.500103,0.776556,1.129970,-0.251803,0.434218,0.798433,2.627755,-1.191394,-0.636267,-7.975093,1.484892,1.036438,3.118328,-5.907909,5.247038,-1.243708,-0.039295,-14.646009,0.187793,3.384486,4.046470,-3.993967,5.476328,4.205900,2.634014,1.948865,0.073522,-0.192089
102.903110,29.233621,748.889465,0.000000,3.478168,4.342666,2.417169,-0.635758,-2.269554,-0.946107,-0.736678,1.098145,-2.562002,-1.834666,-0.655868,-4.494231,-4.602512,-5.305288,6.196882,-2.140894,1.078826,2.153873,1.521754,2.825728,2.094422,1.988512,-0.228600,-6.266342,-1.900553,3.849804,2.669092,2.995698,-1.363752,-0.348147,0.199634,0.520000,-0.955955,1.014269,0.410094,0.545089,-0.280234,0.628480,2.091011,-1.067591,-0.357030,-7.745916,0.563877,0.404153,9.490626,-5.901826,1.082009,-1.097242,-5.623040,-19.593802,4.485966,6.722160,-0.262478,-1.696335,3.349804,3.888815,3.087713,1.569805,1.064400,-0.845000,0.055608
102.903277,29.233621,740.077637,0.000000,2.996675,4.095407,2.346467,-0.450771,-2.381010,-0.470402,-1.009559,1.035892,-2.812759,-1.501200,-3.704787,-4.124794,-5.422313,9.940095,-2.255230,6.885502,3.614769,0.447143,2.044073,0.911698,-6.172596,1.128716,2.754450,2.976699,-1.803751,-0.124724,0.023354,0.946431,-1.041611,0.948840,0.308679,-0.005504,-0.112873,0.635817,1.786732,-0.939327,-0.009393,-5.972988,-0.571565,-0.527953,5.834244,-5.277895,-0.228832,-0.155080,-1.479318,-26.419613,11.039585,7.072392,-2.621453,0.149004,4.131405,6.639689,1.057921,1.900262,-1.341317,0.504886,-0.385658,1.044914,1.621975,-1.527396,-3.246553
102.903444,29.233621,731.019714,0.000000,2.281881,3.758521,2.161490,-0.256281,-2.271543,-0.234379,-1.275819,1.179318,-3.298522,-4.335867,0.550927,-4.092957,-5.385647,9.739618,-2.217555,5.106121,2.352277,2.688858,0.057401,2.012886,2.050113,-5.839346,-0.119028,2.935204,2.817550,-2.041058,-0.393908,0.147811,1.470923,-0.999181,0.475391,0.506994,-0.649881,0.001397,0.999496,1.403678,-1.099757,0.052112,-5.133478,-1.228629,-0.672801,7.021641,-5.034452,-0.158984,-0.389030,-8.638723,-25.173649,19.800936,7.274191,-1.623578,-0.699812,2.477844,6.778723,0.747828,2.020038,-1.438650,0.567094,-0.518650,0.859265,1.415423,-1.181037
102.903944,29.233621,709.912659,0.000000,2.671229,3.005666,1.436384,-0.104155,-1.274037,-0.453914,-1.411927,1.119174,-3.139617,-0.075381,-3.989861,-0.926240,-0.349821,-3.032054,-1.914562,-0.693007,2.350750,4.493200,-3.513092,1.417075,0.690533,1.118135,0.918197,-3.174868,-2.769952,1.540365,1.936257,1.820560,-0.079184,0.209649,1.098268,-0.346502,0.164489,2.376275,-3.137273,-4.036964,-2.274141,-1.577104,7.101644,0.219550,5.036704,0.362923,2.624272,-30.242855,11.142985,5.654961,1.533646,-8.836384,6.865647,1.382515,3.486894,1.937709,0.445967,-1.293843,-0.005665,-0.260267,1.211623,-0.146448,-0.289169,-2.150254,-0.316532
102.904110,29.233621,704.116516,0.000000,2.304957,3.223483,0.721013,0.006547,-0.448119,-0.149376,-1.483225,0.218371,-2.307610,-0.869771,-3.484376,-1.198832,0.843183,-5.179347,-2.085165,-0.590197,1.609230,4.229500,-5.768233,3.850923,1.423363,0.619895,3.177920,-0.926208,-2.006357,-1.865182,0.780899,1.547167,2.118784,0.251100,-0.119561,3.318605,-0.300628,0.954706,-0.373958,-6.558774,-1.169427,-1.334553,5.314927,7.759601,1.098978,6.414433,-30.903672,8.012226,6.683135,0.302527,-6.559112,6.443133,5.862132,1.215055,1.043440,-1.284206,0.476723,-0.559661,1.099752,0.212386,-0.476612,-1.511772,-0.659255,-4.308858,-0.910709
102.904277,29.233621,697.981873,0.000000,2.099919,3.366086,0.364681,0.189099,-0.201233,0.420645,-1.870191,-0.586079,-2.680027,-3.803702,-2.120603,1.599918,-5.455229,-2.729874,0.528160,0.268800,3.825845,-5.608802,3.958156,0.585567,0.502570,2.121835,-0.892465,-1.441134,-1.452435,0.752055,1.111870,3.539514,-1.147767,0.396402,-0.150933,1.833741,-0.899159,0.361346,0.561271,-0.229136,1.842851,-2.851285,-3.978784,-1.076848,-1.573550,7.750524,-3.820931,8.807290,0.340513,4.735108,-27.987244,5.031909,6.933432,0.439555,-6.876834,7.459764,1.296886,3.738595,0.902428,-0.167553,0.432163,-0.272634,-1.066209,-3.582269,-0.992408
102.904444,29.233621,692.302856,0.000000,2.099591,3.462671,0.185618,0.295388,0.052944,0.722917,-2.089386,-0.619531,-6.246955,-3.010021,1.209629,-4.373540,-3.328620,1.848515,-0.046159,3.377218,-4.418241,3.204362,-0.125151,1.152998,1.242799,-0.741536,-1.831729,-0.811075,0.576085,0.770740,2.925523,-1.047698,0.343379,0.059217,2.130503,-1.268730,0.677462,0.220434,-0.107187,2.445347,-0.370543,-0.241363,-3.094825,-3.462234,-1.612688,-0.965720,6.687824,-3.339716,12.886070,-27.085787,4.596399,5.820417,0.993625,-8.131400,8.361365,1.490015,2.497380,0.535985,0.952625,-0.851582,1.695252,-1.023996,0.441787,0.510906,0.079312
102.904610,29.233621,687.412903,0.000000,2.033408,2.918576,0.352053,0.575474,-0.081824,0.894659,-2.125573,0.017183,-6.452407,-3.662303,1.073371,-2.930409,-5.680470,1.902893,0.028536,3.234958,-2.906871,3.819898,-1.785663,2.967441,-1.208333,1.410852,-3.781941,-0.192145,0.942034,0.113268,2.252802,-0.593634,-0.744768,0.721951,2.440849,-1.556037,1.114109,-0.161019,0.052523,2.439927,-0.095707,0.686571,-1.054076,-2.667628,-3.593073,-1.480309,0.459159,4.103439,-1.752175,12.696371,-28.293713,6.905586,4.210155,1.812193,-9.539247,8.747318,2.023526,1.277352,0.195276,0.233574,-0.067291,1.738669,-0.864185,-0.012437,0.426078
102.904777,29.233621,683.154114,0.000000,1.589080,2.276003,0.506905,0.666906,-0.062242,0.943973,-1.658524,0.562641,-6.742640,-3.930206,1.768963,-2.892332,-6.945387,-1.216063,0.515751,3.172047,-2.251114,3.509375,-2.510390,5.309923,-2.344975,3.776472,-6.073515,0.220816,0.655399,0.070574,1.422293,0.047423,-2.204205,1.446026,3.005208,-1.678417,1.453411,-0.602590,0.280657,2.443046,0.339337,0.494087,-1.296263,-1.707162,-4.142518,-1.145777,1.521970,3.692241,1.215212,7.912547,3.093970,-29.644418,10.044287,3.633855,0.896839,-9.421800,9.107900,2.732559,0.381245,-0.315760,-0.643064,0.977256,1.174909,-0.306828,-0.101615
102.901611,29.233454,830.347717,0.000000,4.223960,2.992285,1.362477,-0.319698,-1.534588,-0.754460,-0.994178,1.453154,-1.851023,0.614777,-2.241065,-1.296640,-3.476521,-1.995548,-0.103829,-2.738643,-5.061741,1.574662,-0.713471,0.782266,3.151749,0.995091,-4.432009,-3.264145,2.139188,0.854950,1.791153,-0.610455,0.180177,-0.552823,0.744136,-0.415647,0.783140,1.240593,-2.411609,1.123468,-0.101544,1.282097,-0.726056,-1.320529,-0.625658,-1.530401,-1.093312,2.640798,0.260548,4.954482,-0.391274,9.822450,-21.027336,-7.309414,5.979214,-2.916496,-4.073489,5.678013,3.470000,2.233246,2.198296,0.004554,-0.127487,0.592862,-1.010915
102.901777,29.233454,817.177734,0.000000,4.184208,3.732430,1.435281,-0.760993,-1.686397,-0.978289,-0.614942,1.057125,-0.802539,-0.594289,-2.747122,-0.439016,-0.496839,-2.601657,-1.777289,-0.940381,-3.354997,-6.576100,2.317209,0.035941,-0.449092,2.991712,0.362897,-5.006345,-3.013901,2.282834,3.231355,2.985458,-1.046768,-0.186149,-0.064231,-0.267798,0.473286,0.841981,0.997626,-1.754888,1.027493,0.064318,1.285514,-0.228653,-1.271003,-1.572981,-1.088274,-0.987176,2.658844,-3.280809,5.248362,-2.124962,-20.246420,0.170765,7.075163,-3.256376,-1.992518,3.443987,3.904995,2.021378,2.608808,-0.049562,-0.304339,0.562905,-0.764427